{"cameraMode":{"drawMode":0,"name":"Shaded","section":"Shading Mode"},"sceneLighting":false,"audioPlay":false,"sceneViewState":{"showFog":true,"showMaterialUpdate":false,"showSkybox":false,"showFlares":true,"showImageEffects":true,"showParticleSystems":true},"in2DMode":false,"pivot":{"x":4.17414665222168,"y":0.4284650683403015,"z":-91.2203369140625},"rotation":{"x":-0.06806924939155579,"y":-0.9211376309394836,"z":0.1876896768808365,"w":-0.33417612314224245},"size":5.730776786804199,"orthographic":false}