{"cameraMode":{"drawMode":0,"name":"Shaded","section":"Shading Mode"},"sceneLighting":false,"audioPlay":false,"sceneViewState":{"showFog":true,"showMaterialUpdate":false,"showSkybox":false,"showFlares":true,"showImageEffects":true,"showParticleSystems":true},"in2DMode":false,"pivot":{"x":-3.0,"y":1.6299998760223389,"z":-126.29000091552735},"rotation":{"x":0.16253523528575898,"y":-0.23148159682750703,"z":0.039286162704229358,"w":0.9583888649940491},"size":1.803469181060791,"orthographic":false}