{"cameraMode":{"drawMode":0,"name":"Shaded","section":"Shading Mode"},"sceneLighting":false,"audioPlay":false,"sceneViewState":{"showFog":true,"showMaterialUpdate":false,"showSkybox":false,"showFlares":true,"showImageEffects":true,"showParticleSystems":true},"in2DMode":false,"pivot":{"x":0.3119635581970215,"y":1.6751314401626588,"z":-126.05364227294922},"rotation":{"x":-0.059963032603263858,"y":-0.011391510255634785,"z":0.0006623215158469975,"w":-0.9981641173362732},"size":1.3254462480545045,"orthographic":false}