{"cameraMode":{"drawMode":0,"name":"Shaded","section":"Shading Mode"},"sceneLighting":false,"audioPlay":false,"sceneViewState":{"showFog":true,"showMaterialUpdate":false,"showSkybox":false,"showFlares":true,"showImageEffects":true,"showParticleSystems":true},"in2DMode":false,"pivot":{"x":514.0139770507813,"y":408.0511779785156,"z":-506.6954650878906},"rotation":{"x":0.18178346753120423,"y":0.04570704698562622,"z":-0.008459017612040043,"w":0.9822384119033814},"size":9.399999618530274,"orthographic":false}