{"cameraMode":{"drawMode":0,"name":"Shaded","section":"Shading Mode"},"sceneLighting":false,"audioPlay":false,"sceneViewState":{"showFog":true,"showMaterialUpdate":false,"showSkybox":false,"showFlares":true,"showImageEffects":true,"showParticleSystems":true},"in2DMode":false,"pivot":{"x":-0.250286728143692,"y":3.278395652770996,"z":-102.69243621826172},"rotation":{"x":0.2159460484981537,"y":-0.6790804266929627,"z":0.22017601132392884,"w":0.6661797761917114},"size":3.606041669845581,"orthographic":false}