{"cameraMode":{"drawMode":0,"name":"Shaded","section":"Shading Mode"},"sceneLighting":false,"audioPlay":false,"sceneViewState":{"showFog":true,"showMaterialUpdate":false,"showSkybox":false,"showFlares":true,"showImageEffects":true,"showParticleSystems":true},"in2DMode":false,"pivot":{"x":-1.758608341217041,"y":-0.594781219959259,"z":12.252852439880371},"rotation":{"x":0.3973727524280548,"y":-0.5796810388565064,"z":0.38525593280792239,"w":0.5980883836746216},"size":1.1258143186569214,"orthographic":false}