{"cameraMode":{"drawMode":0,"name":"Shaded","section":"Shading Mode"},"sceneLighting":false,"audioPlay":false,"sceneViewState":{"showFog":true,"showMaterialUpdate":false,"showSkybox":false,"showFlares":true,"showImageEffects":true,"showParticleSystems":true},"in2DMode":false,"pivot":{"x":-0.2509499788284302,"y":0.17000000178813935,"z":-84.51000213623047},"rotation":{"x":0.2739451825618744,"y":0.01011230144649744,"z":-0.002838191809132695,"w":0.9617159962654114},"size":2.946570634841919,"orthographic":false}