{"cameraMode":{"drawMode":0,"name":"Shaded","section":"Shading Mode"},"sceneLighting":false,"audioPlay":false,"sceneViewState":{"showFog":true,"showMaterialUpdate":false,"showSkybox":false,"showFlares":true,"showImageEffects":true,"showParticleSystems":true},"in2DMode":false,"pivot":{"x":0.0029997825622558595,"y":2.5109994411468508,"z":-131.48800659179688},"rotation":{"x":-0.027595914900302888,"y":-0.005628005601465702,"z":0.00020572218636516482,"w":-0.9996466040611267},"size":0.144597128033638,"orthographic":false}