{"cameraMode":{"drawMode":0,"name":"Shaded","section":"Shading Mode"},"sceneLighting":false,"audioPlay":false,"sceneViewState":{"showFog":true,"showMaterialUpdate":false,"showSkybox":false,"showFlares":true,"showImageEffects":true,"showParticleSystems":true},"in2DMode":false,"pivot":{"x":1.6409072875976563,"y":0.18330907821655274,"z":22.92220115661621},"rotation":{"x":-0.08579317480325699,"y":-0.18773865699768067,"z":0.016462968662381173,"w":-0.9783272743225098},"size":14.080009460449219,"orthographic":false}