{"cameraMode":{"drawMode":0,"name":"Shaded","section":"Shading Mode"},"sceneLighting":false,"audioPlay":false,"sceneViewState":{"showFog":true,"showMaterialUpdate":false,"showSkybox":false,"showFlares":true,"showImageEffects":true,"showParticleSystems":true},"in2DMode":false,"pivot":{"x":-2.9773507118225099,"y":-47.912776947021487,"z":21.905956268310548},"rotation":{"x":-0.38196253776550295,"y":0.06700360029935837,"z":-0.02776138298213482,"w":-0.9213500022888184},"size":38.4403076171875,"orthographic":false}